{
  "version": "v1",
  "host": "https://adb-4119546981664644.4.azuredatabricks.net",
  "remote_path": "/Workspace/Users/divyansh.mathur@celebaltech.com/ddi-mcp-ui",
  "last_modified_times": {
    "__pycache__/database.cpython-311.pyc": "2025-07-17T13:27:13.5193691+05:30",
    "__pycache__/main.cpython-311.pyc": "2025-07-17T13:27:13.5665124+05:30",
    "app.yml": "2025-07-21T11:47:33.5578623+05:30",
    "app/__pycache__/database.cpython-311.pyc": "2025-07-17T14:26:50.6444553+05:30",
    "app/__pycache__/main.cpython-311.pyc": "2025-07-17T17:33:00.9024645+05:30",
    "app/database.py": "2025-07-17T13:27:11.8160163+05:30",
    "app/main.py": "2025-07-17T17:32:59.1412075+05:30",
    "app/routes/__pycache__/chat.cpython-311.pyc": "2025-07-17T17:33:16.2148522+05:30",
    "app/routes/chat.py": "2025-07-21T11:49:11.7145144+05:30",
    "app/services/__pycache__/chat_logic.cpython-311.pyc": "2025-07-17T14:26:50.6151946+05:30",
    "app/services/chat_logic.py": "2025-07-17T13:27:12.2180892+05:30",
    "chat.db": "2025-07-18T11:30:22.0189104+05:30",
    "frontend/3rdpartylicenses.txt": "2025-07-21T11:42:32.6087385+05:30",
    "frontend/browser/assets/config/config-dev.json": "2025-07-21T11:51:48.0636526+05:30",
    "frontend/browser/assets/config/config-prod.json": "2025-07-21T11:42:34.3014209+05:30",
    "frontend/browser/chunk-7ECP7VTG.js": "2025-07-21T11:42:32.8329642+05:30",
    "frontend/browser/chunk-AJL2CBKF.js": "2025-07-21T11:42:32.9792017+05:30",
    "frontend/browser/index.html": "2025-07-21T11:42:33.0609732+05:30",
    "frontend/browser/main-BILPJQSK.js": "2025-07-21T11:42:33.1935523+05:30",
    "frontend/browser/media/owl.video.play-4O2DMQ3I.png": "2025-07-21T11:42:34.6179117+05:30",
    "frontend/browser/polyfills-B6TNHZQ6.js": "2025-07-21T11:42:33.309711+05:30",
    "frontend/browser/styles-7BK3ENKV.css": "2025-07-21T11:42:33.5296104+05:30",
    "frontend/prerendered-routes.json": "2025-07-21T11:42:32.6852198+05:30",
    "requirements.txt": "2025-07-17T13:27:11.6886085+05:30",
    "test.py": "2025-07-17T13:27:11.7288722+05:30"
  },
  "local_to_remote_names": {
    "__pycache__/database.cpython-311.pyc": "__pycache__/database.cpython-311.pyc",
    "__pycache__/main.cpython-311.pyc": "__pycache__/main.cpython-311.pyc",
    "app.yml": "app.yml",
    "app/__pycache__/database.cpython-311.pyc": "app/__pycache__/database.cpython-311.pyc",
    "app/__pycache__/main.cpython-311.pyc": "app/__pycache__/main.cpython-311.pyc",
    "app/database.py": "app/database.py",
    "app/main.py": "app/main.py",
    "app/routes/__pycache__/chat.cpython-311.pyc": "app/routes/__pycache__/chat.cpython-311.pyc",
    "app/routes/chat.py": "app/routes/chat.py",
    "app/services/__pycache__/chat_logic.cpython-311.pyc": "app/services/__pycache__/chat_logic.cpython-311.pyc",
    "app/services/chat_logic.py": "app/services/chat_logic.py",
    "chat.db": "chat.db",
    "frontend/3rdpartylicenses.txt": "frontend/3rdpartylicenses.txt",
    "frontend/browser/assets/config/config-dev.json": "frontend/browser/assets/config/config-dev.json",
    "frontend/browser/assets/config/config-prod.json": "frontend/browser/assets/config/config-prod.json",
    "frontend/browser/chunk-7ECP7VTG.js": "frontend/browser/chunk-7ECP7VTG.js",
    "frontend/browser/chunk-AJL2CBKF.js": "frontend/browser/chunk-AJL2CBKF.js",
    "frontend/browser/index.html": "frontend/browser/index.html",
    "frontend/browser/main-BILPJQSK.js": "frontend/browser/main-BILPJQSK.js",
    "frontend/browser/media/owl.video.play-4O2DMQ3I.png": "frontend/browser/media/owl.video.play-4O2DMQ3I.png",
    "frontend/browser/polyfills-B6TNHZQ6.js": "frontend/browser/polyfills-B6TNHZQ6.js",
    "frontend/browser/styles-7BK3ENKV.css": "frontend/browser/styles-7BK3ENKV.css",
    "frontend/prerendered-routes.json": "frontend/prerendered-routes.json",
    "requirements.txt": "requirements.txt",
    "test.py": "test.py"
  },
  "remote_to_local_names": {
    "__pycache__/database.cpython-311.pyc": "__pycache__/database.cpython-311.pyc",
    "__pycache__/main.cpython-311.pyc": "__pycache__/main.cpython-311.pyc",
    "app.yml": "app.yml",
    "app/__pycache__/database.cpython-311.pyc": "app/__pycache__/database.cpython-311.pyc",
    "app/__pycache__/main.cpython-311.pyc": "app/__pycache__/main.cpython-311.pyc",
    "app/database.py": "app/database.py",
    "app/main.py": "app/main.py",
    "app/routes/__pycache__/chat.cpython-311.pyc": "app/routes/__pycache__/chat.cpython-311.pyc",
    "app/routes/chat.py": "app/routes/chat.py",
    "app/services/__pycache__/chat_logic.cpython-311.pyc": "app/services/__pycache__/chat_logic.cpython-311.pyc",
    "app/services/chat_logic.py": "app/services/chat_logic.py",
    "chat.db": "chat.db",
    "frontend/3rdpartylicenses.txt": "frontend/3rdpartylicenses.txt",
    "frontend/browser/assets/config/config-dev.json": "frontend/browser/assets/config/config-dev.json",
    "frontend/browser/assets/config/config-prod.json": "frontend/browser/assets/config/config-prod.json",
    "frontend/browser/chunk-7ECP7VTG.js": "frontend/browser/chunk-7ECP7VTG.js",
    "frontend/browser/chunk-AJL2CBKF.js": "frontend/browser/chunk-AJL2CBKF.js",
    "frontend/browser/index.html": "frontend/browser/index.html",
    "frontend/browser/main-BILPJQSK.js": "frontend/browser/main-BILPJQSK.js",
    "frontend/browser/media/owl.video.play-4O2DMQ3I.png": "frontend/browser/media/owl.video.play-4O2DMQ3I.png",
    "frontend/browser/polyfills-B6TNHZQ6.js": "frontend/browser/polyfills-B6TNHZQ6.js",
    "frontend/browser/styles-7BK3ENKV.css": "frontend/browser/styles-7BK3ENKV.css",
    "frontend/prerendered-routes.json": "frontend/prerendered-routes.json",
    "requirements.txt": "requirements.txt",
    "test.py": "test.py"
  }
}