{
  "version": "v1",
  "host": "https://adb-4119546981664644.4.azuredatabricks.net",
  "remote_path": "/Workspace/Users/divyansh.mathur@celebaltech.com/databricks_apps/ddi-mcp-client_2025_07_17-11_08/dash-hello-world-app",
  "last_modified_times": {
    "app.yml": "2025-07-28T15:47:44.7112063+05:30",
    "app/database.py": "2025-07-28T15:48:21.7704429+05:30",
    "app/main.py": "2025-07-28T14:09:00.7539416+05:30",
    "app/routes/chat.py": "2025-07-28T15:43:09.3228184+05:30",
    "app/services/chat_logic.py": "2025-07-28T15:31:28.6703321+05:30",
    "app/services/models.py": "2025-07-28T15:48:28.3571778+05:30",
    "app/services/orchestrator.py": "2025-07-28T15:45:39.7067013+05:30",
    "chat.db": "2025-07-28T15:43:57.6746782+05:30",
    "data_store/program_status.json": "2025-07-28T15:43:57.6961541+05:30",
    "data_store/programs.json": "2025-07-28T14:36:01.8547309+05:30",
    "frontend/3rdpartylicenses.txt": "2025-07-28T16:09:20.0038331+05:30",
    "frontend/browser/assets/config/config-dev.json": "2025-07-26T01:57:26.064+05:30",
    "frontend/browser/assets/config/config-prod.json": "2025-07-26T01:57:26.117+05:30",
    "frontend/browser/assets/images/logo.png": "2025-07-26T01:57:26.207+05:30",
    "frontend/browser/chunk-3OLC5CNB.js": "2025-07-28T16:09:20.0146583+05:30",
    "frontend/browser/chunk-3RYCI5NF.js": "2025-07-28T16:09:20.0196252+05:30",
    "frontend/browser/index.html": "2025-07-28T16:09:20.0196252+05:30",
    "frontend/browser/main-3ZO4KBR3.js": "2025-07-28T16:09:20.0171853+05:30",
    "frontend/browser/media/owl.video.play-4O2DMQ3I.png": "2025-07-28T16:09:20.005362+05:30",
    "frontend/browser/polyfills-B6TNHZQ6.js": "2025-07-28T16:09:20.0146583+05:30",
    "frontend/browser/styles-WYM2BXT5.css": "2025-07-28T16:09:20.0171853+05:30",
    "frontend/prerendered-routes.json": "2025-07-28T16:09:20.005362+05:30",
    "requirements.txt": "2025-07-28T15:47:35.8838282+05:30",
    "test.py": "2025-07-17T13:27:11.7288722+05:30"
  },
  "local_to_remote_names": {
    "app.yml": "app.yml",
    "app/database.py": "app/database.py",
    "app/main.py": "app/main.py",
    "app/routes/chat.py": "app/routes/chat.py",
    "app/services/chat_logic.py": "app/services/chat_logic.py",
    "app/services/models.py": "app/services/models.py",
    "app/services/orchestrator.py": "app/services/orchestrator.py",
    "chat.db": "chat.db",
    "data_store/program_status.json": "data_store/program_status.json",
    "data_store/programs.json": "data_store/programs.json",
    "frontend/3rdpartylicenses.txt": "frontend/3rdpartylicenses.txt",
    "frontend/browser/assets/config/config-dev.json": "frontend/browser/assets/config/config-dev.json",
    "frontend/browser/assets/config/config-prod.json": "frontend/browser/assets/config/config-prod.json",
    "frontend/browser/assets/images/logo.png": "frontend/browser/assets/images/logo.png",
    "frontend/browser/chunk-3OLC5CNB.js": "frontend/browser/chunk-3OLC5CNB.js",
    "frontend/browser/chunk-3RYCI5NF.js": "frontend/browser/chunk-3RYCI5NF.js",
    "frontend/browser/index.html": "frontend/browser/index.html",
    "frontend/browser/main-3ZO4KBR3.js": "frontend/browser/main-3ZO4KBR3.js",
    "frontend/browser/media/owl.video.play-4O2DMQ3I.png": "frontend/browser/media/owl.video.play-4O2DMQ3I.png",
    "frontend/browser/polyfills-B6TNHZQ6.js": "frontend/browser/polyfills-B6TNHZQ6.js",
    "frontend/browser/styles-WYM2BXT5.css": "frontend/browser/styles-WYM2BXT5.css",
    "frontend/prerendered-routes.json": "frontend/prerendered-routes.json",
    "requirements.txt": "requirements.txt",
    "test.py": "test.py"
  },
  "remote_to_local_names": {
    "app.yml": "app.yml",
    "app/database.py": "app/database.py",
    "app/main.py": "app/main.py",
    "app/routes/chat.py": "app/routes/chat.py",
    "app/services/chat_logic.py": "app/services/chat_logic.py",
    "app/services/models.py": "app/services/models.py",
    "app/services/orchestrator.py": "app/services/orchestrator.py",
    "chat.db": "chat.db",
    "data_store/program_status.json": "data_store/program_status.json",
    "data_store/programs.json": "data_store/programs.json",
    "frontend/3rdpartylicenses.txt": "frontend/3rdpartylicenses.txt",
    "frontend/browser/assets/config/config-dev.json": "frontend/browser/assets/config/config-dev.json",
    "frontend/browser/assets/config/config-prod.json": "frontend/browser/assets/config/config-prod.json",
    "frontend/browser/assets/images/logo.png": "frontend/browser/assets/images/logo.png",
    "frontend/browser/chunk-3OLC5CNB.js": "frontend/browser/chunk-3OLC5CNB.js",
    "frontend/browser/chunk-3RYCI5NF.js": "frontend/browser/chunk-3RYCI5NF.js",
    "frontend/browser/index.html": "frontend/browser/index.html",
    "frontend/browser/main-3ZO4KBR3.js": "frontend/browser/main-3ZO4KBR3.js",
    "frontend/browser/media/owl.video.play-4O2DMQ3I.png": "frontend/browser/media/owl.video.play-4O2DMQ3I.png",
    "frontend/browser/polyfills-B6TNHZQ6.js": "frontend/browser/polyfills-B6TNHZQ6.js",
    "frontend/browser/styles-WYM2BXT5.css": "frontend/browser/styles-WYM2BXT5.css",
    "frontend/prerendered-routes.json": "frontend/prerendered-routes.json",
    "requirements.txt": "requirements.txt",
    "test.py": "test.py"
  }
}