{
  "version": "v1",
  "host": "https://adb-4119546981664644.4.azuredatabricks.net",
  "remote_path": "/Workspace/Users/tarun.kumar@celebaltech.com/ddi-mcp-client",
  "last_modified_times": {
    "__pycache__/database.cpython-311.pyc": "2025-07-17T13:27:13.5193691+05:30",
    "__pycache__/main.cpython-311.pyc": "2025-07-17T13:27:13.5665124+05:30",
    "app/__pycache__/database.cpython-311.pyc": "2025-07-17T14:26:50.6444553+05:30",
    "app/__pycache__/main.cpython-311.pyc": "2025-07-17T14:26:46.1044165+05:30",
    "app/database.py": "2025-07-17T13:27:11.8160163+05:30",
    "app/main.py": "2025-07-17T16:11:50.5382821+05:30",
    "app/routes/__pycache__/chat.cpython-311.pyc": "2025-07-17T14:26:50.594545+05:30",
    "app/routes/chat.py": "2025-07-17T16:11:45.1722267+05:30",
    "app/services/__pycache__/chat_logic.cpython-311.pyc": "2025-07-17T14:26:50.6151946+05:30",
    "app/services/chat_logic.py": "2025-07-17T13:27:12.2180892+05:30",
    "chat.db": "2025-07-17T13:27:11.6456794+05:30",
    "frontend/3rdpartylicenses.txt": "2025-07-17T13:27:12.5751952+05:30",
    "frontend/browser/assets/config/config-databricks.json": "2025-07-17T13:27:13.1841763+05:30",
    "frontend/browser/assets/config/config-dev.json": "2025-07-17T13:27:13.2274797+05:30",
    "frontend/browser/assets/config/config-prod.json": "2025-07-17T13:27:13.2901547+05:30",
    "frontend/browser/chunk-GIHR4PUQ.js": "2025-07-17T13:27:12.6942787+05:30",
    "frontend/browser/chunk-X3V25UBP.js": "2025-07-17T13:27:12.7420446+05:30",
    "frontend/browser/index.html": "2025-07-17T13:27:12.7899653+05:30",
    "frontend/browser/main-CRSLBXDF.js": "2025-07-17T13:27:12.8660093+05:30",
    "frontend/browser/media/owl.video.play-4O2DMQ3I.png": "2025-07-17T13:27:13.4123895+05:30",
    "frontend/browser/polyfills-B6TNHZQ6.js": "2025-07-17T13:27:12.9233873+05:30",
    "frontend/browser/styles-LHM6URLK.css": "2025-07-17T13:27:12.9833907+05:30",
    "frontend/prerendered-routes.json": "2025-07-17T13:27:12.6147257+05:30",
    "requirements.txt": "2025-07-17T13:27:11.6886085+05:30",
    "test.py": "2025-07-17T13:27:11.7288722+05:30"
  },
  "local_to_remote_names": {
    "__pycache__/database.cpython-311.pyc": "__pycache__/database.cpython-311.pyc",
    "__pycache__/main.cpython-311.pyc": "__pycache__/main.cpython-311.pyc",
    "app/__pycache__/database.cpython-311.pyc": "app/__pycache__/database.cpython-311.pyc",
    "app/__pycache__/main.cpython-311.pyc": "app/__pycache__/main.cpython-311.pyc",
    "app/database.py": "app/database.py",
    "app/main.py": "app/main.py",
    "app/routes/__pycache__/chat.cpython-311.pyc": "app/routes/__pycache__/chat.cpython-311.pyc",
    "app/routes/chat.py": "app/routes/chat.py",
    "app/services/__pycache__/chat_logic.cpython-311.pyc": "app/services/__pycache__/chat_logic.cpython-311.pyc",
    "app/services/chat_logic.py": "app/services/chat_logic.py",
    "chat.db": "chat.db",
    "frontend/3rdpartylicenses.txt": "frontend/3rdpartylicenses.txt",
    "frontend/browser/assets/config/config-databricks.json": "frontend/browser/assets/config/config-databricks.json",
    "frontend/browser/assets/config/config-dev.json": "frontend/browser/assets/config/config-dev.json",
    "frontend/browser/assets/config/config-prod.json": "frontend/browser/assets/config/config-prod.json",
    "frontend/browser/chunk-GIHR4PUQ.js": "frontend/browser/chunk-GIHR4PUQ.js",
    "frontend/browser/chunk-X3V25UBP.js": "frontend/browser/chunk-X3V25UBP.js",
    "frontend/browser/index.html": "frontend/browser/index.html",
    "frontend/browser/main-CRSLBXDF.js": "frontend/browser/main-CRSLBXDF.js",
    "frontend/browser/media/owl.video.play-4O2DMQ3I.png": "frontend/browser/media/owl.video.play-4O2DMQ3I.png",
    "frontend/browser/polyfills-B6TNHZQ6.js": "frontend/browser/polyfills-B6TNHZQ6.js",
    "frontend/browser/styles-LHM6URLK.css": "frontend/browser/styles-LHM6URLK.css",
    "frontend/prerendered-routes.json": "frontend/prerendered-routes.json",
    "requirements.txt": "requirements.txt",
    "test.py": "test.py"
  },
  "remote_to_local_names": {
    "__pycache__/database.cpython-311.pyc": "__pycache__/database.cpython-311.pyc",
    "__pycache__/main.cpython-311.pyc": "__pycache__/main.cpython-311.pyc",
    "app/__pycache__/database.cpython-311.pyc": "app/__pycache__/database.cpython-311.pyc",
    "app/__pycache__/main.cpython-311.pyc": "app/__pycache__/main.cpython-311.pyc",
    "app/database.py": "app/database.py",
    "app/main.py": "app/main.py",
    "app/routes/__pycache__/chat.cpython-311.pyc": "app/routes/__pycache__/chat.cpython-311.pyc",
    "app/routes/chat.py": "app/routes/chat.py",
    "app/services/__pycache__/chat_logic.cpython-311.pyc": "app/services/__pycache__/chat_logic.cpython-311.pyc",
    "app/services/chat_logic.py": "app/services/chat_logic.py",
    "chat.db": "chat.db",
    "frontend/3rdpartylicenses.txt": "frontend/3rdpartylicenses.txt",
    "frontend/browser/assets/config/config-databricks.json": "frontend/browser/assets/config/config-databricks.json",
    "frontend/browser/assets/config/config-dev.json": "frontend/browser/assets/config/config-dev.json",
    "frontend/browser/assets/config/config-prod.json": "frontend/browser/assets/config/config-prod.json",
    "frontend/browser/chunk-GIHR4PUQ.js": "frontend/browser/chunk-GIHR4PUQ.js",
    "frontend/browser/chunk-X3V25UBP.js": "frontend/browser/chunk-X3V25UBP.js",
    "frontend/browser/index.html": "frontend/browser/index.html",
    "frontend/browser/main-CRSLBXDF.js": "frontend/browser/main-CRSLBXDF.js",
    "frontend/browser/media/owl.video.play-4O2DMQ3I.png": "frontend/browser/media/owl.video.play-4O2DMQ3I.png",
    "frontend/browser/polyfills-B6TNHZQ6.js": "frontend/browser/polyfills-B6TNHZQ6.js",
    "frontend/browser/styles-LHM6URLK.css": "frontend/browser/styles-LHM6URLK.css",
    "frontend/prerendered-routes.json": "frontend/prerendered-routes.json",
    "requirements.txt": "requirements.txt",
    "test.py": "test.py"
  }
}